Currency,Date,Closing Price (USD),24h Open (USD),24h High (USD),24h Low (USD)
ETH,2020-05-02,212.3596701949,210.6227819507,217.5523222656,205.4940718338
ETH,2020-05-03,214.7327163811,212.3608688402,215.8868401065,210.79816406
ETH,2020-05-04,210.186762411,214.468866682,219.8058106908,205.7052979905
ETH,2020-05-05,207.6209439135,210.1831644341,210.7856383804,195.3044076546
ETH,2020-05-06,205.092216255,207.6194601556,211.873669248,201.4883896842
ETH,2020-05-07,206.1612678004,205.5914139138,211.0983499235,202.2826851778
ETH,2020-05-08,212.970768396,206.1614410139,215.2475411747,197.2693053261
ETH,2020-05-09,213.6120027829,212.9740680423,216.724547681,207.348637873
ETH,2020-05-10,211.372735156,213.620015018,215.3336101458,209.1647938328
ETH,2020-05-11,188.6446608457,211.3656223364,212.1112049883,180.8481710937
ETH,2020-05-12,186.0147754649,187.7541425977,193.7202067419,176.4929059586
ETH,2020-05-13,189.8181868394,186.0055493026,192.3451120775,183.9696720261
ETH,2020-05-14,199.471247703,190.0451615281,201.2871007591,188.7042576596
ETH,2020-05-15,203.7694208006,199.4691312881,206.1465775264,196.0343206898
ETH,2020-05-16,196.1392798869,203.2278953484,204.078240382,191.7253123368
ETH,2020-05-17,201.4660091385,196.1356100257,203.2352094494,193.2292918609
ETH,2020-05-18,207.4047794108,201.4678380536,209.741940357,199.714298253
ETH,2020-05-19,214.5257267984,206.958977429,216.7254540057,206.9555381664
ETH,2020-05-20,213.6812562322,214.5154874947,216.0656567187,209.3485393396
ETH,2020-05-21,209.8536710415,213.6803599448,215.4787237115,206.0796064365
ETH,2020-05-22,200.2877989063,209.8502129526,211.5762202129,191.5550319995
ETH,2020-05-23,208.0416960737,200.2859745086,209.1385279314,196.2872486548
ETH,2020-05-24,207.6257022565,208.0324657325,211.2689489963,204.8650978582
ETH,2020-05-25,206.452974771,207.6066018029,210.5720353803,201.822772114
ETH,2020-05-26,204.038221714,206.4468955111,206.4837506405,198.104269964
ETH,2020-05-27,201.2088663208,204.0379521386,205.0093602657,197.0367907963
ETH,2020-05-28,206.1006556031,201.2088663206,207.9944507042,200.5210605992
ETH,2020-05-29,216.5178744013,206.0985450101,216.7993318037,202.1671566902
ETH,2020-05-30,220.5019166374,216.5247350842,224.6402210043,216.2318115129
ETH,2020-05-31,243.6303481192,220.8556352514,246.8044660661,218.8650761494
ETH,2020-06-01,231.2504175786,243.6270585284,245.2636687554,229.7878560698
ETH,2020-06-02,250.0599160501,231.2100601725,250.7284854657,230.6284228458
ETH,2020-06-03,237.3090652858,250.0726041158,253.147878327,226.29373382
ETH,2020-06-04,244.5193627884,237.3095508894,245.0051614421,233.6978643143
ETH,2020-06-05,243.4132803896,244.5416669637,246.5683121705,236.4287199802
ETH,2020-06-06,240.7663785849,243.420504845,248.0077120602,239.3617532687
ETH,2020-06-07,242.3213962566,240.7523323749,244.67170298,238.0540542749
ETH,2020-06-08,243.825655085,242.3213939748,245.2421558585,235.0061350069
ETH,2020-06-09,247.0407955737,243.8256907979,247.2317980298,241.0991912782
ETH,2020-06-10,244.5428506736,247.0468660299,249.7179110174,239.427573638
ETH,2020-06-11,247.4454296066,244.5875966792,250.0458471899,242.4295597171
ETH,2020-06-12,230.5056339076,247.4446279621,250.0579672684,226.1818994218
ETH,2020-06-13,237.2197469187,230.5220549828,239.474035864,228.2728449325
ETH,2020-06-14,238.2201400896,237.2259908291,238.7501715182,234.635040874
ETH,2020-06-15,232.6132804986,238.2201400918,238.5668448215,229.9142633219
ETH,2020-06-16,231.2550027053,232.6115651761,233.4718071922,218.2724276744
ETH,2020-06-17,234.7509210246,231.2543429366,236.0721563915,228.898786026
ETH,2020-06-18,234.0310260214,234.754450543,237.1685502278,227.6893279499
ETH,2020-06-19,231.8059383408,234.0394744702,234.4131058609,227.7414772358
ETH,2020-06-20,228.8903067734,231.8061482086,231.9706212969,226.5965290489
ETH,2020-06-21,228.7451598817,228.8772879947,230.6571439769,225.8520172551
ETH,2020-06-22,227.6154756679,228.7389242343,231.2319378901,227.047957336
ETH,2020-06-23,243.2281939759,227.6089252779,246.7635912652,227.3859651164
ETH,2020-06-24,242.9270899437,243.2114216762,245.0346187976,241.06684677
ETH,2020-06-25,235.1756535949,242.927089944,249.1445582409,231.0995675089
ETH,2020-06-26,232.5691463771,235.1886592592,235.3297723825,227.4208050094
ETH,2020-06-27,229.9450697712,232.5696026564,233.3176591565,227.7160537178
ETH,2020-06-28,221.4079023706,229.9394928887,231.2253372644,216.2631715344
ETH,2020-06-29,224.1848295462,221.4086713152,227.804099542,218.1223887287
ETH,2020-06-30,228.3333420231,224.1895353556,229.8553495685,221.2218593266
ETH,2020-07-01,225.9467950844,228.3333292181,228.6460042421,222.9864633795
ETH,2020-07-02,230.7048874981,225.6863921064,232.743117606,224.3149086425
ETH,2020-07-03,226.7229790237,231.1948375875,232.1479266582,223.1761590164
ETH,2020-07-04,226.3593386336,226.6998415409,228.2929203932,225.6915410007
ETH,2020-07-05,228.8071990379,225.1198565553,230.5455781737,224.6385923645
ETH,2020-07-06,227.0958437535,229.309123778,229.9518913392,223.464013225
ETH,2020-07-07,238.9297010239,227.7624211284,240.9430667198,227.1229375302
ETH,2020-07-08,238.4339891225,241.6816950102,243.6876558661,234.9989090195
ETH,2020-07-09,248.281879338,239.5282277474,249.1250615449,238.0663647129
ETH,2020-07-10,241.7872199263,247.2208495129,247.739365168,238.068827205
ETH,2020-07-11,240.1467526502,242.080879565,242.2688319967,235.9863512158
ETH,2020-07-12,238.9943354723,241.3130855443,241.7917444563,237.9151047193
ETH,2020-07-13,240.22366586,239.4193572732,244.077026534,236.8386734901
ETH,2020-07-14,239.3273161658,243.0083433906,245.3246083409,237.5843573271
ETH,2020-07-15,240.8414253109,239.5313593297,242.145283665,237.0269581922
ETH,2020-07-16,238.4254490792,240.5938874718,241.4743466639,236.7810484981
ETH,2020-07-17,233.0853182123,238.4149784216,239.2174144608,230.2432230435
ETH,2020-07-18,232.8975949922,233.5424064252,234.5992820468,231.7124909118
ETH,2020-07-19,235.7401242173,232.7958737371,237.057444937,232.4669595519
ETH,2020-07-20,237.7425541334,236.0131451355,238.1493903712,233.5973430999
ETH,2020-07-21,236.0678442243,239.1809758274,239.8136688271,234.3968831918
ETH,2020-07-22,245.2152674702,236.1469913183,247.0502209127,235.7492582577
ETH,2020-07-23,264.0682844678,245.8905627471,269.0305095585,242.1903047688
ETH,2020-07-24,275.8085217294,264.2264986103,280.6860003188,262.2727265921
ETH,2020-07-25,282.0835888641,275.7213120686,287.6346626468,268.6070504573
ETH,2020-07-26,305.6981196217,279.712563016,307.6532120965,279.6943664679
ETH,2020-07-27,312.1649089443,305.7557998871,318.8569499655,300.5163329315
ETH,2020-07-28,329.6317211075,311.2393860098,333.5037645767,311.2257033378
ETH,2020-07-29,317.1500090147,322.2859019811,327.1706726034,306.229000824
ETH,2020-07-30,322.5821788488,317.3983328562,325.4884542828,312.9461628183
ETH,2020-07-31,336.2069898243,318.3178662892,342.2068666315,314.8993058941
ETH,2020-08-01,346.0277183338,335.2509921303,349.826223511,329.2374484843
ETH,2020-08-02,385.3971442278,346.8799144534,393.4227808108,343.7725390932
ETH,2020-08-03,376.7304077565,387.6319772246,415.7137670232,329.7443178353
ETH,2020-08-04,389.0088526187,372.3310989279,398.1827004586,367.387042744
ETH,2020-08-05,391.4719188271,386.3841649531,401.1792016614,381.6972367843
ETH,2020-08-06,398.7823155558,389.7739841582,407.3695248685,384.5096976436
ETH,2020-08-07,395.0946703368,401.1942824965,403.8119093162,392.8564488164
ETH,2020-08-08,382.7311751829,395.3629341207,398.7223770995,364.6081633244
ETH,2020-08-09,390.808826242,379.8457064085,393.4506925812,376.5714583997
ETH,2020-08-10,388.3353162731,397.2580927816,400.2300285176,384.4175907289
ETH,2020-08-11,395.3996937457,390.504577658,399.8476916933,386.07178865
ETH,2020-08-12,375.7376315945,395.9138296672,398.1078858485,367.4094423468
ETH,2020-08-13,385.6144268142,379.2203395385,389.6743609879,366.396122481
ETH,2020-08-14,426.5197717722,387.3415773534,431.5745452131,377.3046128062
ETH,2020-08-15,439.4651311644,424.881045254,444.6363674875,418.1696471136
ETH,2020-08-16,432.5808730567,438.9316946123,443.1990258271,428.5819232373
ETH,2020-08-17,432.9948222845,432.6224965686,437.2198304115,413.3227680751
ETH,2020-08-18,439.1354267206,433.820497493,446.4511175885,420.8027613118
ETH,2020-08-19,426.6580775702,431.3676954553,434.2467909,415.1707999102
ETH,2020-08-20,406.7773731283,422.400274926,427.0039349853,394.2827799572
ETH,2020-08-21,414.892313138,407.9056876456,419.5986160193,403.0389145344
ETH,2020-08-22,392.9193709266,416.327704322,419.0840095168,386.304653236
ETH,2020-08-23,393.7887017486,388.2547095119,395.3278973507,380.3753115549
ETH,2020-08-24,392.2001782169,395.7003591,397.2778679559,384.0666779103
ETH,2020-08-25,406.0046385673,391.0885828063,408.8267150008,388.0029419871
ETH,2020-08-26,383.7475333924,408.0597611801,409.2408014043,370.4092629318
ETH,2020-08-27,386.442205636,383.4401407168,393.423672538,378.0925844811
ETH,2020-08-28,381.5294806967,385.9954626054,397.3093057151,372.434146578
ETH,2020-08-29,391.9147663738,383.6367344765,398.0637661476,380.2925820805
ETH,2020-08-30,402.90311604,395.6468275833,406.0306685852,392.6472847163
ETH,2020-08-31,423.0770923093,399.0898440034,428.0834931275,398.8473637463
ETH,2020-09-01,435.2801714861,429.0059962,439.3442035102,419.2185815085
ETH,2020-09-02,480.5552222401,434.1475041025,488.8938492235,429.8748398733
ETH,2020-09-03,441.8792972944,475.41436486,481.3955001103,421.8353335877
ETH,2020-09-04,399.5571540928,440.3346759471,451.0626435787,392.6973368629
ETH,2020-09-05,391.8715284748,382.5405618575,401.1209305854,372.7130798487
ETH,2020-09-06,329.0848011726,386.0594302961,394.8616499131,312.1050554298
ETH,2020-09-07,349.4605531884,335.4103155017,359.4572170257,317.236665121
ETH,2020-09-08,354.3037632168,353.0927521017,357.5864908827,325.1598125177
ETH,2020-09-09,334.025416843,353.7657005608,356.7595736251,326.0584828202
ETH,2020-09-10,354.513329323,337.6975033565,359.3516322396,331.0640466839
ETH,2020-09-11,367.1263141396,351.208679324,377.2493001336,350.5790158873
ETH,2020-09-12,374.2875958676,368.2165020788,375.4540415519,356.1667704541
ETH,2020-09-13,383.9274938089,374.1000639654,387.1178059664,365.5623093333
ETH,2020-09-14,364.5362187519,388.0735382863,390.2242988663,354.0953334658
ETH,2020-09-15,373.5045266209,366.5649239094,384.7086626017,357.9141113629
ETH,2020-09-16,365.8433246496,377.4456461938,382.0639934031,362.7307765434
ETH,2020-09-17,367.4346465463,364.3129883513,373.7356222295,355.5369465471
ETH,2020-09-18,389.3184007746,365.5061959268,394.2224299943,363.8658284739
ETH,2020-09-19,382.9262672477,389.5977603471,392.6615703695,376.0762711272
ETH,2020-09-20,384.2505679659,384.6413320908,388.5075903656,377.5894374125
ETH,2020-09-21,367.3231536518,385.3986061648,385.5320542512,365.4523377946
ETH,2020-09-22,347.5680272914,371.1952363429,376.366820723,331.8381434834
ETH,2020-09-23,345.1418278286,340.45670978,346.8119138796,336.0199241659
ETH,2020-09-24,322.3349074502,344.3569918652,344.9397137778,320.3396714874
ETH,2020-09-25,348.9888398557,320.5545124651,350.7891132073,316.9143020253
ETH,2020-09-26,354.7818318623,348.9933377017,357.9465076284,338.369065255
ETH,2020-09-27,354.0452726273,352.0351311687,356.1357380921,346.3049388179
ETH,2020-09-28,354.9380677088,354.1211199622,362.1249606025,347.3860775081
ETH,2020-09-29,361.7481129229,357.5575086745,368.0385349614,355.1668873842
ETH,2020-09-30,357.3310057778,353.8336713792,359.5173126641,350.5193815288
ETH,2020-10-01,358.7399606682,359.8496345618,360.0293783598,351.6408428663
ETH,2020-10-02,352.0332681871,359.8348106589,369.7003047679,345.8640897696
ETH,2020-10-03,345.3998475591,353.172226906,354.5845005115,334.6079929849
ETH,2020-10-04,347.1718312811,345.8401300586,351.3453579637,344.0512501826
ETH,2020-10-05,351.6400320431,346.4838160306,354.4595269385,344.5204437807
ETH,2020-10-06,352.6185940994,352.4946648969,355.9014498106,348.9764401241
ETH,2020-10-07,340.3481830382,353.67262527,355.0497407236,337.3175474395
ETH,2020-10-08,339.378314508,340.7065978779,342.841434006,333.3949184329
ETH,2020-10-09,350.9546298469,341.6884014535,353.4101596327,334.5350818426
ETH,2020-10-10,364.3294014957,351.1428032145,366.4276936238,347.8786230018
ETH,2020-10-11,374.6844228802,365.353470781,378.3953624489,365.0738754122
ETH,2020-10-12,372.7678333626,370.533240317,377.2714889649,369.3970745206
ETH,2020-10-13,393.1071990064,374.2830969979,395.1461645663,366.0302479883
ETH,2020-10-14,381.6256168546,386.6361778913,387.5646789469,375.4684449683
ETH,2020-10-15,376.469523739,381.4181658591,387.6164691015,373.78576448
ETH,2020-10-16,378.2395134365,379.2418371556,381.6665176824,370.4875966436
ETH,2020-10-17,367.1522802856,377.9188744498,379.8437954375,361.8544787209
ETH,2020-10-18,368.2368438997,365.8071694125,370.5878406401,363.8392701602
ETH,2020-10-19,376.5122024722,368.5987227075,377.044117339,367.5809454347
ETH,2020-10-20,379.6604736902,378.5203218879,384.3827696498,373.1047003725
ETH,2020-10-21,368.8607245558,379.3842502619,380.2004581402,365.7933894396
ETH,2020-10-22,398.0277214424,368.7926553011,399.2807237679,368.1165780078
ETH,2020-10-23,417.6331816271,390.9355571625,421.0802338286,390.8096160555
ETH,2020-10-24,408.2428390432,414.3409245152,419.4431613648,401.7775637098
ETH,2020-10-25,411.2159945412,409.3147393841,416.7616331988,407.2548755499
ETH,2020-10-26,405.3954328773,412.2438858016,417.2895027911,403.5020605831
ETH,2020-10-27,391.4164092636,406.1713381468,411.2792300824,382.9156954125
ETH,2020-10-28,404.4218331907,393.1437710621,410.2374750332,390.3860087712
ETH,2020-10-29,388.156443591,403.7494182145,408.8584847878,380.8121696544
ETH,2020-10-30,386.0911828108,388.5708362302,394.2767962589,381.3309515284
ETH,2020-10-31,383.6848623179,387.3930168237,391.9973778183,373.9042010729
ETH,2020-11-01,388.4387980726,382.9710577129,394.0118598584,380.8602152182
ETH,2020-11-02,395.9961821947,387.0036018944,397.9808039258,385.3427554139
ETH,2020-11-03,384.8347474569,396.8552431641,404.3271399821,380.2793028479
ETH,2020-11-04,386.4908987246,383.4622242763,388.7982212404,370.8209401278
ETH,2020-11-05,403.2778485673,387.6912119415,408.4852586842,377.236029578
ETH,2020-11-06,416.5114824325,402.8688891767,418.364352665,396.8378898723
ETH,2020-11-07,453.0308238119,417.1117896508,455.7459967296,415.347261476
ETH,2020-11-08,435.8613367687,456.5943490653,467.129720405,424.1021300243
ETH,2020-11-09,454.5517448714,435.2051014325,460.3215720785,432.1963621829
ETH,2020-11-10,443.6204255251,454.5219418457,458.9971288896,434.9151482693
ETH,2020-11-11,453.3189964868,444.3862703221,454.8977538303,439.505494624
ETH,2020-11-12,466.5282281386,450.9313581428,475.3506559267,449.9929482499
ETH,2020-11-13,462.6719472046,463.6832775071,470.0881946814,452.7697620723
ETH,2020-11-14,477.3388766,462.7853206814,478.0446460812,457.9437253674
ETH,2020-11-15,460.4664980993,476.6831147867,477.6426408326,452.4289586943
ETH,2020-11-16,445.8941417724,461.0909844624,463.0037636025,440.6335141071
ETH,2020-11-17,461.0623567875,448.5349296131,466.1083053386,446.063984327
ETH,2020-11-18,480.9909845258,460.7228217885,484.3645520778,460.1346412407
ETH,2020-11-19,478.4043731714,482.4939844009,494.9439357123,463.9273540938
ETH,2020-11-20,473.5739180278,478.6527985815,480.709334196,465.1636691455
ETH,2020-11-21,507.6303417383,471.7860558439,514.221751688,471.1101469385
ETH,2020-11-22,539.5625939862,510.2747411104,546.4642794644,502.9805167363
ETH,2020-11-23,578.4629743172,551.6192567479,580.6223011122,519.7505671751
ETH,2020-11-24,609.1437148653,559.5830076096,609.1437148653,549.8127614688
ETH,2020-11-25,601.5316453167,608.7463569336,621.5286333284,588.8837378354
ETH,2020-11-26,567.7759673023,604.705926739,605.7029785422,566.3867227123
ETH,2020-11-27,520.8333184304,569.4581751107,577.0378195075,483.007027258
ETH,2020-11-28,515.534223743,520.7730274267,531.4154752097,494.5006644438
ETH,2020-11-29,546.0136418149,519.2584466466,548.8953750687,507.7297432975
ETH,2020-11-30,567.6815131103,538.2604872219,569.3976100583,531.3142823642
ETH,2020-12-01,605.7631371389,576.5860413787,614.6266532435,571.3081036633
ETH,2020-12-02,593.659257549,616.1313958111,636.5392368577,565.0378650624
ETH,2020-12-03,598.263646643,586.3340636199,605.0412027634,576.2984934419
ETH,2020-12-04,615.4088784506,597.4416899612,623.6678375908,586.677004915
ETH,2020-12-05,575.59260015,616.4559518853,620.4348431109,575.5909776623
ETH,2020-12-06,592.4092013487,567.7926882709,597.8354718141,561.3171163022
ETH,2020-12-07,592.6159236652,597.2541013093,607.6525187089,585.7414675486
ETH,2020-12-08,589.6630189512,602.0731383673,603.417174447,584.7879655561
ETH,2020-12-09,563.4373127342,591.5291823221,595.1076415852,562.0377530105
ETH,2020-12-10,574.9030707023,554.7605900944,577.872293187,530.2426458197
ETH,2020-12-11,564.3938574746,573.5967900987,575.7329880784,547.9653401783
ETH,2020-12-12,550.3806474355,559.0802880986,560.6747558898,536.0356741643
ETH,2020-12-13,573.008347948,544.4423824451,574.1048248312,543.3781014138
ETH,2020-12-14,586.321236258,568.4810073729,594.6632217917,564.0155657962
ETH,2020-12-15,587.3035383071,590.4910667964,591.1771645667,575.829119238
ETH,2020-12-16,588.2978961456,586.0840297305,596.7421049057,579.4358216546
ETH,2020-12-17,632.2912858311,588.9026170173,635.3961853634,581.2134698951
ETH,2020-12-18,645.0753045133,637.6940034928,676.2031787443,626.6179551309
ETH,2020-12-19,652.1960225924,643.2014316444,664.2314679206,629.8110263089
ETH,2020-12-20,663.5523430029,654.3642072,669.7860292563,646.367457958
ETH,2020-12-21,635.5837928886,658.211908949,660.7536081422,621.0507683078
ETH,2020-12-22,617.2544032218,638.3338196217,647.9475759746,596.4543684155
ETH,2020-12-23,623.443202693,607.9840448325,634.2480702092,588.1447681466
ETH,2020-12-24,584.5174190516,636.1356521635,637.5411589316,552.0400762167
ETH,2020-12-25,612.5741966765,585.3712486661,613.1704137925,565.7184738674
ETH,2020-12-26,621.6166902622,612.3523821016,633.6035991333,604.6746441664
ETH,2020-12-27,633.9198224178,626.9066385093,651.7661420113,615.5113241018
ETH,2020-12-28,681.2794850106,636.1804971152,714.1125443276,624.7611410159
ETH,2020-12-29,726.1045863344,683.2768616258,746.8759137752,680.2064722333
ETH,2020-12-30,724.5759621528,729.3536883733,739.2383279943,689.1946052616
ETH,2020-12-31,746.0625172683,731.078525788,757.8177542677,717.6850966895
ETH,2021-01-01,741.1184042851,752.3224744953,755.3124653926,724.4313993297
ETH,2021-01-02,730.0351684102,736.7099217033,749.0597988487,721.9209813522
ETH,2021-01-03,771.4757566597,729.7325671355,784.5060312161,716.2258855237
ETH,2021-01-04,976.8926808393,771.7942283706,989.551795499,765.723863603
ETH,2021-01-05,1017.8623988981,971.6427188823,1151.0693893,890.4738063562
ETH,2021-01-06,1123.1628410718,1041.4960000123,1126.8707718668,980.2780636348
ETH,2021-01-07,1193.5715202415,1101.9035692061,1210.541549465,1059.1474753692
ETH,2021-01-08,1251.0492101183,1209.686756372,1287.692633766,1160.9034027609
ETH,2021-01-09,1208.5799785678,1223.8425646029,1273.60307923,1069.0835565634
ETH,2021-01-10,1287.4841438663,1215.225473042,1302.2222880109,1171.7174976493
ETH,2021-01-11,1281.9976614145,1275.4515448761,1344.6138305963,1161.8346835687
ETH,2021-01-12,1055.8909250422,1253.2708043946,1257.7032600614,912.3281017097
ETH,2021-01-13,1064.2012838901,1087.6746225362,1149.7556812757,1007.5698275053
ETH,2021-01-14,1116.4340868185,1050.8308074089,1136.8125418526,989.8557858136
ETH,2021-01-15,1177.3442448293,1129.6916767608,1245.1143856046,1087.8991567728
ETH,2021-01-16,1171.3958830887,1230.9664858131,1254.4915101784,1071.7724200572
ETH,2021-01-17,1227.0870408156,1168.9245438283,1292.5577521532,1153.1230095731
ETH,2021-01-18,1252.9981581457,1228.3771635037,1268.6658907132,1167.1058927446
ETH,2021-01-19,1238.6455042902,1233.2153850116,1255.736007179,1189.3554541822
ETH,2021-01-20,1411.8339394749,1258.8308727002,1439.3277249001,1252.6486805552
ETH,2021-01-21,1332.6425126838,1367.6633550492,1407.4379307123,1236.7450253429
ETH,2021-01-22,1117.4836784751,1377.5028825258,1388.918842536,1086.0370263545
ETH,2021-01-23,1250.7151664476,1111.2649463623,1275.9558118998,1044.2166271905
ETH,2021-01-24,1235.091639789,1234.5621175427,1274.1911589651,1198.3501194273
ETH,2021-01-25,1368.8956047745,1234.3390013843,1370.1538190218,1221.6730103371
ETH,2021-01-26,1324.8584871299,1393.7109740444,1461.6492677047,1295.5899665958
ETH,2021-01-27,1350.7369555572,1318.39283584,1378.6156149156,1249.4702271129
ETH,2021-01-28,1247.6565556826,1367.5546270094,1373.9531012597,1209.3260137241
ETH,2021-01-29,1354.96039384,1241.7860374951,1361.0169749852,1220.7835674778
ETH,2021-01-30,1407.6817902673,1331.2338482195,1439.7233465199,1288.1300932031
ETH,2021-01-31,1385.498675211,1380.0117732689,1406.6202566072,1329.2030581509
ETH,2021-02-01,1315.243744537,1379.3260347962,1381.6806609607,1283.9226938994
ETH,2021-02-02,1357.0479899865,1314.4190185241,1364.2774907694,1271.9882885825
ETH,2021-02-03,1540.6512876256,1374.4827977797,1549.0337027754,1361.9352112887
ETH,2021-02-04,1644.6859673423,1513.8096086686,1650.3884716015,1510.6196752147
ETH,2021-02-05,1628.4680083886,1665.8928048334,1697.1071828523,1558.5836890519
ETH,2021-02-06,1704.8323001183,1596.9919341709,1761.3547795399,1592.8548347821
ETH,2021-02-07,1708.7282991033,1720.1098276851,1743.5919210664,1647.8198010308
ETH,2021-02-08,1584.68192312,1678.5881497557,1694.6962757031,1493.6428829531
ETH,2021-02-09,1714.8760437,1614.2452653941,1776.470982585,1566.1814939035
ETH,2021-02-10,1762.2683020123,1752.2560887496,1824.58681442,1710.0775187641
ETH,2021-02-11,1747.1977271685,1772.1119761449,1839.3936492133,1693.0255858427
ETH,2021-02-12,1781.5847291302,1743.124852908,1816.9260592408,1706.1661803532
ETH,2021-02-13,1845.8201487353,1787.2889192843,1862.1326646879,1741.4001583529
ETH,2021-02-14,1811.2688742943,1844.3205129455,1872.5229306021,1767.9687728067
ETH,2021-02-15,1828.0926556783,1817.9708255067,1851.5335830585,1787.8350569117
ETH,2021-02-16,1787.1229409878,1803.0805254581,1835.8135476457,1664.8394755679
ETH,2021-02-17,1763.7516712651,1779.9199791489,1827.0446000358,1727.548555444
ETH,2021-02-18,1835.9914626743,1783.3536180109,1856.1865263106,1736.902292684
ETH,2021-02-19,1936.7152857294,1850.4700031321,1950.6923854875,1850.3722706313
ETH,2021-02-20,1958.7391904297,1940.3453753546,1973.5434860951,1893.209005501
ETH,2021-02-21,1855.2648413078,1956.1093530953,2036.5546878264,1812.1297581179
ETH,2021-02-22,1913.8002838917,1915.1484047963,1976.0016374911,1885.5584368965
ETH,2021-02-23,1782.1495911944,1934.5909578061,1937.027622115,1546.5312073478
ETH,2021-02-24,1546.6229610737,1778.3928145485,1781.7648769693,1361.5913116192
ETH,2021-02-25,1589.2668006007,1578.2292612042,1715.1315873978,1501.4692901281
ETH,2021-02-26,1524.1806061529,1625.7187678613,1672.5992935701,1500.9203360234
ETH,2021-02-27,1435.7244181925,1483.1639414019,1563.2639513907,1402.7606643416
ETH,2021-02-28,1495.812837494,1445.3511513752,1527.5463555583,1439.9360611903
ETH,2021-03-01,1412.7131887857,1461.1072374866,1470.8625141182,1303.3305059859
ETH,2021-03-02,1555.8447802536,1421.7298613257,1565.393172148,1412.9352310188
ETH,2021-03-03,1483.9120430764,1571.0823653533,1603.538082805,1458.2079512593
ETH,2021-03-04,1593.87899763,1489.5160971805,1653.203487787,1478.7910368521
ETH,2021-03-05,1528.5683097828,1569.9435700836,1624.9801986556,1508.2879121075
ETH,2021-03-06,1543.5683862909,1540.3625483969,1549.1366228473,1444.9536646875
ETH,2021-03-07,1658.8123184002,1529.8408551208,1668.8612654724,1514.7848597658
ETH,2021-03-08,1681.9917947622,1650.9386921003,1695.2060773322,1631.8423418294
ETH,2021-03-09,1782.4868586483,1726.4259762108,1795.3772728454,1668.5448702225
ETH,2021-03-10,1834.6652773466,1833.0535704937,1857.9494561355,1802.1171972382
ETH,2021-03-11,1829.3913235136,1871.9681973295,1878.4979521679,1764.2671363992
ETH,2021-03-12,1822.2317968982,1796.4673269041,1847.3304971959,1726.6915316775
ETH,2021-03-13,1762.2335996562,1827.1797830198,1842.4749540088,1722.7581916294
ETH,2021-03-14,1905.9466708556,1766.6939512109,1936.3226212135,1729.183153458
ETH,2021-03-15,1880.7561142354,1914.8152993398,1924.5684851409,1835.9954149997
ETH,2021-03-16,1789.8440534586,1847.4205702922,1889.7473530839,1737.1588370573
ETH,2021-03-17,1797.8202646051,1795.3613351698,1820.0390641219,1715.664835819
ETH,2021-03-18,1815.7424004952,1805.4800666668,1835.4145162334,1743.7056692341
ETH,2021-03-19,1790.5287290004,1822.4018270872,1849.8263246317,1760.9381574755
ETH,2021-03-20,1819.5551488499,1776.6476675714,1841.0175597539,1735.7254247616
ETH,2021-03-21,1833.745116795,1811.9385661454,1870.0847110358,1803.8837767076
ETH,2021-03-22,1798.8897051251,1807.3548009625,1818.7724844345,1750.7809907775
ETH,2021-03-23,1684.4615704989,1784.119386526,1806.5598574913,1658.9249628257
ETH,2021-03-24,1677.3997094293,1682.9827177716,1722.2969340566,1653.2294126508
ETH,2021-03-25,1592.2323707381,1669.1645595169,1740.5798760258,1548.0577709089
ETH,2021-03-26,1598.2561459368,1583.3947384826,1621.5965348485,1550.2956860288
ETH,2021-03-27,1681.9055387468,1587.2344153964,1696.3262684098,1587.1630837738
ETH,2021-03-28,1722.4718612491,1700.0813899588,1732.3303222895,1669.8251098334
ETH,2021-03-29,1676.3570868781,1713.3386238371,1725.7278299536,1662.9488340658
ETH,2021-03-30,1809.0688833594,1687.1789610226,1839.8005568881,1678.1089319959
ETH,2021-03-31,1841.7557639612,1816.2410826747,1860.0217366209,1787.3647868596
ETH,2021-04-01,1913.851918614,1842.699974292,1947.3556376949,1773.1823380941
ETH,2021-04-02,1968.1667128324,1919.1623035077,1983.4506630735,1888.6410474088
ETH,2021-04-03,2096.5905056962,1968.074621212,2102.1718121175,1950.0066632197
ETH,2021-04-04,2036.7518967658,2133.6128896764,2137.402747669,2004.6928828906
ETH,2021-04-05,2067.5147852089,2011.488248889,2093.7689477643,1983.9925356363
ETH,2021-04-06,2114.1439392315,2076.9769703868,2129.8714520031,2005.4618616129
ETH,2021-04-07,2117.5958108286,2107.4649993634,2151.2542487619,2045.3981058766
ETH,2021-04-08,2011.5504260806,2113.3742316348,2129.3914584458,1933.9071226333
ETH,2021-04-09,2069.660876338,1964.6033762581,2076.8113842204,1950.8914647371
ETH,2021-04-10,2070.601411041,2081.3857854027,2100.2333978021,2050.166955436
ETH,2021-04-11,2118.7059924048,2067.6584243107,2190.7092711711,2059.1617438466
ETH,2021-04-12,2137.0958672385,2133.3263675309,2164.1317975,2111.8299026016
ETH,2021-04-13,2144.4204637437,2151.4067715514,2199.8678801696,2103.671604266
ETH,2021-04-14,2280.9078630653,2137.2770470089,2315.936260515,2135.7268702877
ETH,2021-04-15,2427.8050868766,2299.0545071039,2438.9820496353,2282.7455765206
ETH,2021-04-16,2538.0625778344,2432.6930179144,2542.4273568582,2401.6381877396
ETH,2021-04-17,2438.4295943481,2516.3931678179,2541.5489656186,2328.8307180376
ETH,2021-04-18,2374.755809849,2426.476182434,2495.9216094439,2320.2850168398
ETH,2021-04-19,2249.0086956254,2323.3844151805,2344.3695980676,1978.2242471669
ETH,2021-04-20,2201.6483511822,2242.321493472,2278.9213763161,2086.2029451837
ETH,2021-04-21,2329.1773316843,2164.4719607254,2348.5936136231,2056.2511401256
ETH,2021-04-22,2365.5466472092,2333.2349689901,2470.5075127358,2240.7964866808
ETH,2021-04-23,2424.2205214138,2358.3307230314,2645.141826981,2305.7795403965
ETH,2021-04-24,2329.0314833535,2400.1871252625,2441.9569665034,2107.2913726472
ETH,2021-04-25,2271.378121535,2371.5474681884,2372.6390279134,2172.4091466546
ETH,2021-04-26,2276.2280187885,2219.5625181604,2361.7462351617,2169.992059686
ETH,2021-04-27,2515.3095038267,2323.5880412371,2543.4765692276,2307.7168538942
ETH,2021-04-28,2624.3557189947,2534.8911547491,2683.3023428345,2485.4151824697
ETH,2021-04-29,2726.1520318035,2668.8363944373,2763.0208474853,2563.8179880373
ETH,2021-04-30,2760.3349559568,2750.4995848315,2797.02416887,2676.2941652286
ETH,2021-05-01,2751.8717637673,2759.2553611558,2801.3380550741,2728.4684820646
ETH,2021-05-02,2943.1760512939,2774.4351009203,2949.8953341296,2756.9024280481
ETH,2021-05-03,2941.1423331647,2946.2207338561,2985.3174543951,2856.3399334689
ETH,2021-05-04,3393.3273810235,2952.6361959319,3398.2022053087,2952.5721735204
ETH,2021-05-05,3266.4455483605,3433.2022853452,3530.3866284976,3174.547411456
ETH,2021-05-06,3495.9683427626,3242.6972677484,3520.5687156873,3213.386842006
ETH,2021-05-07,3541.9305747705,3526.1280716724,3605.4984362179,3381.0131158151
ETH,2021-05-08,3445.4267389274,3492.1575427475,3589.9008622991,3361.4365362292
ETH,2021-05-09,3882.8052599473,3486.4400126066,3962.1183297692,3456.990602582
ETH,2021-05-10,3896.3218856174,3917.3819059065,3989.9003451667,3750.8201261028
ETH,2021-05-11,3998.9132149877,3928.3513379535,4213.4590629869,3668.9664808106
ETH,2021-05-12,4132.7575457957,3951.9892448369,4158.6644661496,3778.887091335
ETH,2021-05-13,4076.9597105759,4179.9317431649,4382.7258342572,3940.061710986
ETH,2021-05-14,3767.0879847605,3817.1100892111,4044.5751500684,3546.8070181894
ETH,2021-05-15,4100.0274696175,3721.398672992,4179.5078287218,3696.9045989275
ETH,2021-05-16,3746.5762483716,4082.8801208213,4137.8347131536,3659.4085302086
ETH,2021-05-17,3519.1052246467,3650.0222078519,3878.4826088146,3347.6010100135
ETH,2021-05-18,3231.944177145,3583.8626988558,3587.9667468441,3118.6593075103
ETH,2021-05-19,3415.949413392,3283.2858455515,3562.4604866605,3242.6414667335
ETH,2021-05-20,2686.1658605218,3380.3014007439,3443.3606007604,1902.0822713927
ETH,2021-05-21,2744.5236477636,2446.2403061288,3002.1829002854,2183.0523359293
ETH,2021-05-22,2407.4276232666,2777.3961608911,2944.3629902763,2108.2386775965
ETH,2021-05-23,2329.0347280905,2436.7280849715,2489.2332738053,2159.5634172097
ETH,2021-05-24,2080.3714204131,2298.970751444,2383.7598296668,1733.5785410266
ETH,2021-05-25,2539.9978638989,2099.628024501,2678.1397720096,2088.2190831907
ETH,2021-05-26,2691.5372142828,2653.0642894017,2754.0751557136,2387.1266171246
ETH,2021-05-27,2821.622828093,2707.7368872069,2914.8898771361,2651.4664738289
ETH,2021-05-28,2774.5366296328,2889.9272302613,2891.7298225767,2643.0996507089
ETH,2021-05-29,2372.9684320829,2745.5633890519,2763.9836358019,2330.8287597335
ETH,2021-05-30,2281.7697244023,2414.6048120872,2567.6436587576,2209.2062647781
ETH,2021-05-31,2407.6083522386,2281.8124436347,2480.0781090119,2189.9266012991
ETH,2021-06-01,2650.2153535206,2388.281801181,2679.2440420465,2275.6646383954
ETH,2021-06-02,2594.7180822734,2706.8177311503,2740.289807251,2528.0511802361
ETH,2021-06-03,2683.002836929,2634.1457150309,2802.8218083482,2552.8062566987
ETH,2021-06-04,2839.5365832546,2706.4475778648,2890.2156847523,2664.6151993955
ETH,2021-06-05,2731.62833844,2857.2775518205,2860.2461368858,2553.9578611819
ETH,2021-06-06,2574.8653375295,2692.6416235133,2820.2738050072,2558.6095897097
ETH,2021-06-07,2677.9014276621,2630.9854162688,2747.2238713237,2617.4099958258
ETH,2021-06-08,2610.5418189763,2713.0975666877,2847.603234203,2575.3553598092
ETH,2021-06-09,2525.5784844278,2594.7533193195,2622.7768013729,2308.9902213711
ETH,2021-06-10,2603.3259858813,2509.9545447326,2627.5443091898,2409.6910875072
ETH,2021-06-11,2482.1104738648,2611.4177610645,2625.2171781507,2428.5038163207
ETH,2021-06-12,2363.0225009193,2472.3386523368,2498.3874114411,2333.3675231978
ETH,2021-06-13,2379.87497456,2354.8145101256,2454.8125486947,2260.9152723468
ETH,2021-06-14,2520.3766460932,2371.8969753533,2548.6995605069,2311.5982657706
ETH,2021-06-15,2560.1213773409,2509.0333918438,2609.4196768565,2462.63566044
ETH,2021-06-16,2557.9001346791,2582.0679485058,2638.9015482735,2509.1902549522
ETH,2021-06-17,2387.1290757695,2544.3003121526,2555.3141514985,2381.9578104449
ETH,2021-06-18,2342.9100004971,2368.2663736407,2461.1529896492,2306.5867378074
ETH,2021-06-19,2208.3252370951,2373.6549788403,2378.2855522215,2149.1611113969
ETH,2021-06-20,2181.407845179,2235.6721266508,2278.6163863692,2178.8178207288
ETH,2021-06-21,2258.0933038483,2167.3490378249,2276.1619653892,2044.4221961701
ETH,2021-06-22,1880.8371929494,2243.8368782199,2259.4398204202,1874.3840784685
ETH,2021-06-23,1877.2549468501,1886.1386110871,1996.786075065,1711.2326878738
ETH,2021-06-24,1949.3727250359,1880.2634497941,2044.292866763,1823.817847058
ETH,2021-06-25,1980.7225029947,1968.7920753594,2035.4998660412,1886.1379825202
ETH,2021-06-26,1830.6800121565,1989.2439677497,2019.9131014875,1793.0602889996
ETH,2021-06-27,1783.2329210823,1810.0971293202,1852.1233672531,1719.4385678989
ETH,2021-06-28,1946.1526657902,1830.330517619,1948.5458396749,1807.5894379089
ETH,2021-06-29,2096.7913438084,1982.7644594785,2143.5382270674,1962.2847293145
ETH,2021-06-30,2181.5038145863,2083.9630100119,2245.49143477,2075.0068987084
ETH,2021-07-01,2257.3065136491,2164.8266655425,2286.6071008078,2088.8615406966
ETH,2021-07-02,2127.71159805,2275.6890041796,2276.0127121458,2076.6347021653
ETH,2021-07-03,2116.9506026868,2107.2798580994,2138.2513863755,2019.6215918174
ETH,2021-07-04,2197.4317962958,2154.535721546,2237.8682478107,2123.3536669546
ETH,2021-07-05,2366.4015017922,2226.2804754731,2382.8168005139,2189.6336830798
ETH,2021-07-06,2236.6980105497,2321.5582729824,2322.7306043613,2159.6920766154
ETH,2021-07-07,2313.5091511394,2196.6100120506,2348.7197386907,2193.8835540429
ETH,2021-07-08,2330.3799294583,2321.8335613901,2398.5219585414,2294.3231810187
ETH,2021-07-09,2097.3263719587,2317.0042122579,2324.6568222651,2085.8049441718
ETH,2021-07-10,2159.8743034529,2115.8986821425,2183.4843461886,2048.3033197321
ETH,2021-07-11,2113.7265413839,2146.9045783472,2191.3118053585,2075.5169623221
ETH,2021-07-12,2152.3916045837,2110.5623590613,2172.1602529052,2082.0296855053
ETH,2021-07-13,2035.0778418152,2139.9510719316,2167.261181443,2006.717627435
ETH,2021-07-14,1935.5846562342,2031.101765213,2044.8816712155,1917.8429874971
ETH,2021-07-15,2008.5734332562,1940.1117349852,2020.4295610458,1866.109438093
ETH,2021-07-16,1925.2901262112,1995.3618230341,2040.7199651504,1882.4657272139
ETH,2021-07-17,1882.4577697959,1919.2151917049,1965.1927677701,1851.9164140814
ETH,2021-07-18,1901.7229221596,1877.0256251919,1916.6168439046,1849.1497865717
ETH,2021-07-19,1890.6749303755,1900.2353422644,1993.3270015763,1880.7062066399
ETH,2021-07-20,1829.12505726,1891.8721795756,1919.7600096929,1805.1087717042
ETH,2021-07-21,1776.8790098079,1818.9912048006,1842.1887144093,1721.8662268083
ETH,2021-07-22,1968.4738988221,1787.1551583646,2032.8412134046,1755.8374940661
ETH,2021-07-23,2005.7264606435,1996.4642176057,2047.1763803443,1951.5228959998
ETH,2021-07-24,2079.9505524664,2025.4318156905,2094.9623221005,1997.4371927057
ETH,2021-07-25,2167.8214984902,2124.9985006186,2200.9298070657,2106.5469656433
ETH,2021-07-26,2161.0522241053,2186.8363768916,2196.2405130843,2109.1974170756
ETH,2021-07-27,2225.7403376518,2191.7607965912,2431.1244000757,2173.8062957203
ETH,2021-07-28,2300.6113830433,2228.8339869447,2320.0080707252,2153.3192286772
ETH,2021-07-29,2303.3779339871,2301.3688968635,2346.6978971475,2248.1703084501
ETH,2021-07-30,2332.1692736041,2301.3997342721,2343.5710563228,2268.8947339399
ETH,2021-07-31,2435.4986818634,2384.0398192889,2450.3643321284,2319.0332264992
ETH,2021-08-01,2536.6970747464,2461.5361908068,2538.2090621739,2420.8330794327
ETH,2021-08-02,2599.3281481852,2531.487423021,2698.4745999226,2513.7546836682
ETH,2021-08-03,2623.9070486872,2557.628618167,2667.0597965563,2511.8969145816
ETH,2021-08-04,2518.491323059,2608.8825136664,2630.3561703992,2448.801906412
ETH,2021-08-05,2746.4748417821,2509.3104319164,2770.6341732779,2466.2168215201
ETH,2021-08-06,2821.6899316687,2725.4697853143,2843.734977382,2577.8229477258
ETH,2021-08-07,2886.5594821646,2828.0150822505,2947.1597168631,2722.4634399678
ETH,2021-08-08,3103.6878039232,2891.1417968671,3173.7896165284,2865.9200821008
ETH,2021-08-09,3041.472726564,3160.8803015652,3188.9192041464,2948.4289682421
ETH,2021-08-10,3128.8031326763,3012.3675944788,3186.4216713532,2894.9941877238
ETH,2021-08-11,3158.3771970715,3161.6709256619,3234.0963629723,3058.5103230121
ETH,2021-08-12,3176.8917780167,3142.6856340802,3274.7620067108,3129.7113735761
ETH,2021-08-13,3012.4198478581,3163.0360914218,3240.2499064411,2982.3197513781
ETH,2021-08-14,3293.7053433724,3047.9755616452,3297.1819725048,3037.4221953246
ETH,2021-08-15,3256.5208087624,3323.3323648411,3332.0480496718,3208.8364037714
ETH,2021-08-16,3293.3040939776,3265.9785150796,3297.7041946877,3116.2349267241
ETH,2021-08-17,3186.3229365962,3309.9458081252,3336.7787712524,3138.5227454791
ETH,2021-08-18,3040.2666064526,3148.8173942463,3291.0023397431,2995.3315345989
ETH,2021-08-19,3033.5391079745,3012.836870221,3124.8261324581,2953.8974318934
ETH,2021-08-20,3151.8979558512,3017.2719644005,3174.9132067131,2961.3727177075
ETH,2021-08-21,3257.793473329,3183.558118442,3295.7626708201,3177.7452692754
ETH,2021-08-22,3237.727331027,3285.7793244741,3311.5581825297,3216.7145381832
ETH,2021-08-23,3189.140229344,3226.5902285924,3274.0689141467,3131.6819497273
ETH,2021-08-24,3332.9296289115,3240.6835681083,3376.3692617821,3233.2711638037
ETH,2021-08-25,3203.239873866,3322.9404306834,3359.7221436821,3150.9908506412
ETH,2021-08-26,3217.3431127757,3173.5799079962,3249.7364080495,3081.6768162582
ETH,2021-08-27,3135.122534433,3229.5738199807,3251.6808743475,3058.8842390379
ETH,2021-08-28,3269.1327813991,3095.6104380846,3279.386896084,3064.4076738096
ETH,2021-08-29,3232.0760933982,3276.0332712106,3287.0921794323,3213.3307700989
ETH,2021-08-30,3242.238240019,3246.6527156078,3285.7019794782,3155.8365346962
ETH,2021-08-31,3280.4112086047,3225.3629354292,3348.2301801622,3148.532909764
ETH,2021-09-01,3388.026327475,3230.0803891317,3472.8130148826,3191.5826625675
ETH,2021-09-02,3771.5240400537,3431.2468819758,3798.0675940631,3385.6900922094
ETH,2021-09-03,3805.8239680247,3829.3108315463,3836.8201893293,3727.4445029452
ETH,2021-09-04,3879.477514805,3787.6472220381,4028.4943556812,3712.4863913658
ETH,2021-09-05,3891.6780335046,3939.4820377489,3970.381348516,3836.1008397654
ETH,2021-09-06,3934.8672929039,3887.8615559628,3981.1819973726,3836.9374845087
ETH,2021-09-07,3941.1191195842,3951.4560064733,3970.6584192462,3869.9921595855
ETH,2021-09-08,3445.2438374453,3929.2646678393,3949.3384768435,3029.7322588366
ETH,2021-09-09,3559.7175035305,3436.1584218277,3561.9057270766,3220.7844225398
ETH,2021-09-10,3440.9403921012,3501.2282398121,3569.0465338289,3399.5851075464
ETH,2021-09-11,3205.8320881528,3426.8526830046,3512.1036529834,3165.5283788863
ETH,2021-09-12,3279.3623299814,3210.67361798,3348.7285566815,3202.711789321
ETH,2021-09-13,3369.8321738777,3269.4902292247,3454.201403862,3235.0427392111
ETH,2021-09-14,3294.4037580424,3406.801125783,3431.0967603282,3117.2683573842
ETH,2021-09-15,3391.2215166472,3286.5239453007,3408.6123201897,3273.0187539684
ETH,2021-09-16,3587.5492032628,3435.9216937195,3588.223830761,3362.6220814307
ETH,2021-09-17,3550.0201012713,3615.4731223749,3674.8573559477,3492.8254901542
ETH,2021-09-18,3406.7570071271,3569.4132737554,3594.4945254951,3351.8167335881
ETH,2021-09-19,3409.9658497765,3399.5574538037,3542.2660756144,3372.1151874324
ETH,2021-09-20,3304.8232255824,3437.032056786,3457.216648475,3285.2682289913
ETH,2021-09-21,3044.9477489064,3329.3476599788,3345.2098733457,2924.4873229084
ETH,2021-09-22,2773.595801765,2978.0942015426,3090.2560699002,2654.7351473543
ETH,2021-09-23,3069.8045586573,2765.0815135454,3089.9733846071,2743.8087004128
ETH,2021-09-24,3145.5382664538,3079.5756563323,3175.2143584189,3037.5362260555
ETH,2021-09-25,2951.2570926646,3155.4541802022,3161.1222383764,2739.3797042916
ETH,2021-09-26,2938.9651350871,2931.9476448078,2969.7960686628,2808.1775832875
ETH,2021-09-27,3084.3456571158,2925.8049740506,3117.5741015544,2744.3606323148
ETH,2021-09-28,3006.2755037232,3062.1565251815,3166.1748687684,2949.5454969207
ETH,2021-09-29,2854.574754792,2927.1936238989,2971.0921360305,2806.1603967644
ETH,2021-09-30,2838.9497471846,2807.2830714315,2949.3738858738,2784.8845092972
ETH,2021-10-01,3007.9842973048,2850.6161216444,3048.2454501067,2838.486916365
ETH,2021-10-02,3277.4128731942,3001.1118563926,3330.1097921277,2982.0687157591
ETH,2021-10-03,3432.6380162868,3309.7294426188,3467.4300801806,3259.4129061628
ETH,2021-10-04,3419.70727399,3386.8439611206,3485.6964068976,3360.1274689375
ETH,2021-10-05,3371.9418350763,3418.419639266,3433.0085532395,3275.9169146929
ETH,2021-10-06,3518.80317957,3386.0052436968,3544.8101869057,3365.4393609179
ETH,2021-10-07,3585.0117205151,3515.0355808291,3629.2771169638,3345.5453898041
ETH,2021-10-08,3592.2066490037,3573.0272731514,3648.3354407828,3470.5380965259
ETH,2021-10-09,3588.9761246474,3585.3718676184,3666.4767298609,3548.2936280258
ETH,2021-10-10,3580.1632980418,3561.746748031,3631.5531112138,3538.6362965141
ETH,2021-10-11,3443.6778320688,3574.3713688387,3600.8841718965,3433.4939424
ETH,2021-10-12,3524.2971041344,3415.5516724339,3623.5231007484,3374.0069701138
ETH,2021-10-13,3494.0233533666,3542.346832685,3547.8192489104,3407.8862060372
ETH,2021-10-14,3589.3923186399,3491.4746787054,3593.1262680869,3412.3766389646
ETH,2021-10-15,3771.8576435164,3606.3776140923,3823.7339530521,3587.6815980218
ETH,2021-10-16,3844.3880062748,3790.7659219654,3901.1424081481,3734.4958600924
ETH,2021-10-17,3814.2844394519,3866.7830881784,3965.9430131005,3801.4094044544
ETH,2021-10-18,3809.7312583415,3826.3420989681,3914.6410535223,3648.6586847784
ETH,2021-10-19,3721.4161171028,3845.8902653112,3891.8807456636,3677.5007166245
ETH,2021-10-20,3841.8491743407,3745.4105016455,3859.179238269,3733.1727228148
ETH,2021-10-21,4132.6690911935,3877.0822323159,4140.8077596113,3830.5066543595
ETH,2021-10-22,4080.6801005526,4159.9841975339,4370.1418877892,4024.7404033416
ETH,2021-10-23,3971.8262318106,4052.9196497715,4166.5099930654,3893.2339019591
ETH,2021-10-24,4117.2516983836,3972.0687144437,4131.4609831965,3939.4779180739
ETH,2021-10-25,4071.0885659271,4168.6043188753,4186.1037171576,3963.9420584513
ETH,2021-10-26,4216.9683508407,4082.8750477935,4235.2361671117,4069.5356011407
ETH,2021-10-27,4141.3892362146,4219.9048892261,4295.2108600211,4108.5544916459
ETH,2021-10-28,3974.0456985934,4131.6973726809,4302.1762194349,3942.2833903454
ETH,2021-10-29,4259.1080784261,3926.1114267184,4294.8190920996,3895.7519361139
ETH,2021-10-30,4415.4553795432,4288.1095816441,4459.9217168021,4268.3602973967
ETH,2021-10-31,4263.4033312423,4417.7127501003,4432.4121889968,4252.312707128
ETH,2021-11-01,4298.4321325646,4325.1035437933,4395.6173392558,4169.0329145652
